"","Scenario","Threshold","Replicate","poll.robust","plant.robust","Relative.percent.forest.cover","Forest.area","Forest.cover","Weighted_connectedness","Binary_connectedness","n_pollinator_nodes","n_plant_nodes","n_nodes","n_links","sum_link_weights","largest.patch","mean.patch","SE.patch","n.patches","patch.density","mean.nnd","SE.nnd","edge.length","mean.edge.ratio","SE.edge.ratio","percent.change"
"1","scen.loss.10","1",1,0.994570475,0.661657891,0.9,2656,0.2656,0.28321182,0.372564673,14407,6958,21365,1683353,880892.0045,79.83,7.710967742,3.478867859,31,3.444444444,99.68235786,15.03995587,50100,0.075070992,0.007423283,-10
"2","scen.loss.10","2.5",1,0.880580636,0.577128535,0.9,2656,0.2656,0.28321182,0.372564673,14407,6958,21365,1683353,880892.0045,79.83,7.710967742,3.478867859,31,3.444444444,99.68235786,15.03995587,50100,0.075070992,0.007423283,-10
"3","scen.loss.10","5",1,0.378767401,0.285886516,0.9,2656,0.2656,0.28321182,0.372564673,14407,6958,21365,1683353,880892.0045,79.83,7.710967742,3.478867859,31,3.444444444,99.68235786,15.03995587,50100,0.075070992,0.007423283,-10
"4","scen.loss.10","1",2,0.994037993,0.663116504,0.9,2656,0.2656,0.28321182,0.372564673,14407,6958,21365,1683353,880892.0045,79.83,7.710967742,3.478867859,31,3.444444444,99.68235786,15.03995587,50100,0.075070992,0.007423283,-10
"5","scen.loss.10","2.5",2,0.877776729,0.577679153,0.9,2656,0.2656,0.28321182,0.372564673,14407,6958,21365,1683353,880892.0045,79.83,7.710967742,3.478867859,31,3.444444444,99.68235786,15.03995587,50100,0.075070992,0.007423283,-10
"6","scen.loss.10","5",2,0.381520028,0.28817981,0.9,2656,0.2656,0.28321182,0.372564673,14407,6958,21365,1683353,880892.0045,79.83,7.710967742,3.478867859,31,3.444444444,99.68235786,15.03995587,50100,0.075070992,0.007423283,-10
"7","scen.loss.10","1",3,0.993757979,0.662728343,0.9,2656,0.2656,0.28321182,0.372564673,14407,6958,21365,1683353,880892.0045,79.83,7.710967742,3.478867859,31,3.444444444,99.68235786,15.03995587,50100,0.075070992,0.007423283,-10
"8","scen.loss.10","2.5",3,0.879895629,0.578852003,0.9,2656,0.2656,0.28321182,0.372564673,14407,6958,21365,1683353,880892.0045,79.83,7.710967742,3.478867859,31,3.444444444,99.68235786,15.03995587,50100,0.075070992,0.007423283,-10
"9","scen.loss.10","5",3,0.381310559,0.288054951,0.9,2656,0.2656,0.28321182,0.372564673,14407,6958,21365,1683353,880892.0045,79.83,7.710967742,3.478867859,31,3.444444444,99.68235786,15.03995587,50100,0.075070992,0.007423283,-10
"10","scen.loss.10","1",4,0.994105059,0.66197752,0.9,2656,0.2656,0.28321182,0.372564673,14407,6958,21365,1683353,880892.0045,79.83,7.710967742,3.478867859,31,3.444444444,99.68235786,15.03995587,50100,0.075070992,0.007423283,-10
"11","scen.loss.10","2.5",4,0.878550767,0.57657636,0.9,2656,0.2656,0.28321182,0.372564673,14407,6958,21365,1683353,880892.0045,79.83,7.710967742,3.478867859,31,3.444444444,99.68235786,15.03995587,50100,0.075070992,0.007423283,-10
"12","scen.loss.10","5",4,0.381920708,0.288966108,0.9,2656,0.2656,0.28321182,0.372564673,14407,6958,21365,1683353,880892.0045,79.83,7.710967742,3.478867859,31,3.444444444,99.68235786,15.03995587,50100,0.075070992,0.007423283,-10
"13","scen.loss.10","1",5,0.994391002,0.664005083,0.9,2656,0.2656,0.28321182,0.372564673,14407,6958,21365,1683353,880892.0045,79.83,7.710967742,3.478867859,31,3.444444444,99.68235786,15.03995587,50100,0.075070992,0.007423283,-10
"14","scen.loss.10","2.5",5,0.879820597,0.578777933,0.9,2656,0.2656,0.28321182,0.372564673,14407,6958,21365,1683353,880892.0045,79.83,7.710967742,3.478867859,31,3.444444444,99.68235786,15.03995587,50100,0.075070992,0.007423283,-10
"15","scen.loss.10","5",5,0.379279355,0.287103963,0.9,2656,0.2656,0.28321182,0.372564673,14407,6958,21365,1683353,880892.0045,79.83,7.710967742,3.478867859,31,3.444444444,99.68235786,15.03995587,50100,0.075070992,0.007423283,-10
"16","scen.loss.20","1",1,0.99412241,0.6630626,0.8,2361,0.2361,0.259337017,0.351186424,12789,6190,18979,1586760,806632.6618,73.98,6.6403125,3.065555207,32,3.555555556,101.3460768,13.39637376,47460,0.081588437,0.0072947,-20
"17","scen.loss.20","2.5",1,0.87235312,0.57206291,0.8,2361,0.2361,0.259337017,0.351186424,12789,6190,18979,1586760,806632.6618,73.98,6.6403125,3.065555207,32,3.555555556,101.3460768,13.39637376,47460,0.081588437,0.0072947,-20
"18","scen.loss.20","5",1,0.33228937,0.2569282,0.8,2361,0.2361,0.259337017,0.351186424,12789,6190,18979,1586760,806632.6618,73.98,6.6403125,3.065555207,32,3.555555556,101.3460768,13.39637376,47460,0.081588437,0.0072947,-20
"19","scen.loss.20","1",2,0.99382688,0.66371689,0.8,2361,0.2361,0.259337017,0.351186424,12789,6190,18979,1586760,806632.6618,73.98,6.6403125,3.065555207,32,3.555555556,101.3460768,13.39637376,47460,0.081588437,0.0072947,-20
"20","scen.loss.20","2.5",2,0.8722568,0.57252055,0.8,2361,0.2361,0.259337017,0.351186424,12789,6190,18979,1586760,806632.6618,73.98,6.6403125,3.065555207,32,3.555555556,101.3460768,13.39637376,47460,0.081588437,0.0072947,-20
"21","scen.loss.20","5",2,0.33152029,0.25643168,0.8,2361,0.2361,0.259337017,0.351186424,12789,6190,18979,1586760,806632.6618,73.98,6.6403125,3.065555207,32,3.555555556,101.3460768,13.39637376,47460,0.081588437,0.0072947,-20
"22","scen.loss.20","1",3,0.99428141,0.66213986,0.8,2361,0.2361,0.259337017,0.351186424,12789,6190,18979,1586760,806632.6618,73.98,6.6403125,3.065555207,32,3.555555556,101.3460768,13.39637376,47460,0.081588437,0.0072947,-20
"23","scen.loss.20","2.5",3,0.87124329,0.57043895,0.8,2361,0.2361,0.259337017,0.351186424,12789,6190,18979,1586760,806632.6618,73.98,6.6403125,3.065555207,32,3.555555556,101.3460768,13.39637376,47460,0.081588437,0.0072947,-20
"24","scen.loss.20","5",3,0.33194195,0.25584507,0.8,2361,0.2361,0.259337017,0.351186424,12789,6190,18979,1586760,806632.6618,73.98,6.6403125,3.065555207,32,3.555555556,101.3460768,13.39637376,47460,0.081588437,0.0072947,-20
"25","scen.loss.20","1",4,0.99377836,0.66397563,0.8,2361,0.2361,0.259337017,0.351186424,12789,6190,18979,1586760,806632.6618,73.98,6.6403125,3.065555207,32,3.555555556,101.3460768,13.39637376,47460,0.081588437,0.0072947,-20
"26","scen.loss.20","2.5",4,0.87246609,0.57280604,0.8,2361,0.2361,0.259337017,0.351186424,12789,6190,18979,1586760,806632.6618,73.98,6.6403125,3.065555207,32,3.555555556,101.3460768,13.39637376,47460,0.081588437,0.0072947,-20
"27","scen.loss.20","5",4,0.33356346,0.25713093,0.8,2361,0.2361,0.259337017,0.351186424,12789,6190,18979,1586760,806632.6618,73.98,6.6403125,3.065555207,32,3.555555556,101.3460768,13.39637376,47460,0.081588437,0.0072947,-20
"28","scen.loss.20","1",5,0.99387064,0.66422284,0.8,2361,0.2361,0.259337017,0.351186424,12789,6190,18979,1586760,806632.6618,73.98,6.6403125,3.065555207,32,3.555555556,101.3460768,13.39637376,47460,0.081588437,0.0072947,-20
"29","scen.loss.20","2.5",5,0.87243741,0.57307981,0.8,2361,0.2361,0.259337017,0.351186424,12789,6190,18979,1586760,806632.6618,73.98,6.6403125,3.065555207,32,3.555555556,101.3460768,13.39637376,47460,0.081588437,0.0072947,-20
"30","scen.loss.20","5",5,0.33378251,0.25831882,0.8,2361,0.2361,0.259337017,0.351186424,12789,6190,18979,1586760,806632.6618,73.98,6.6403125,3.065555207,32,3.555555556,101.3460768,13.39637376,47460,0.081588437,0.0072947,-20
"31","scen.loss.30","1",1,0.99435401,0.66222166,0.7,2066,0.2066,0.236715651,0.330188408,11146,5416,16562,1491885,736271.9677,66.42,5.312571429,2.470151438,35,3.888888889,112.2514517,12.35967983,43980,0.090196778,0.007010882,-30
"32","scen.loss.30","2.5",1,0.86673959,0.56572636,0.7,2066,0.2066,0.236715651,0.330188408,11146,5416,16562,1491885,736271.9677,66.42,5.312571429,2.470151438,35,3.888888889,112.2514517,12.35967983,43980,0.090196778,0.007010882,-30
"33","scen.loss.30","5",1,0.29592998,0.23135652,0.7,2066,0.2066,0.236715651,0.330188408,11146,5416,16562,1491885,736271.9677,66.42,5.312571429,2.470151438,35,3.888888889,112.2514517,12.35967983,43980,0.090196778,0.007010882,-30
"34","scen.loss.30","1",2,0.99403425,0.66372653,0.7,2066,0.2066,0.236715651,0.330188408,11146,5416,16562,1491885,736271.9677,66.42,5.312571429,2.470151438,35,3.888888889,112.2514517,12.35967983,43980,0.090196778,0.007010882,-30
"35","scen.loss.30","2.5",2,0.86830987,0.56816116,0.7,2066,0.2066,0.236715651,0.330188408,11146,5416,16562,1491885,736271.9677,66.42,5.312571429,2.470151438,35,3.888888889,112.2514517,12.35967983,43980,0.090196778,0.007010882,-30
"36","scen.loss.30","5",2,0.2929801,0.22961906,0.7,2066,0.2066,0.236715651,0.330188408,11146,5416,16562,1491885,736271.9677,66.42,5.312571429,2.470151438,35,3.888888889,112.2514517,12.35967983,43980,0.090196778,0.007010882,-30
"37","scen.loss.30","1",3,0.99438454,0.66473256,0.7,2066,0.2066,0.236715651,0.330188408,11146,5416,16562,1491885,736271.9677,66.42,5.312571429,2.470151438,35,3.888888889,112.2514517,12.35967983,43980,0.090196778,0.007010882,-30
"38","scen.loss.30","2.5",3,0.86777875,0.56819951,0.7,2066,0.2066,0.236715651,0.330188408,11146,5416,16562,1491885,736271.9677,66.42,5.312571429,2.470151438,35,3.888888889,112.2514517,12.35967983,43980,0.090196778,0.007010882,-30
"39","scen.loss.30","5",3,0.2932807,0.2303134,0.7,2066,0.2066,0.236715651,0.330188408,11146,5416,16562,1491885,736271.9677,66.42,5.312571429,2.470151438,35,3.888888889,112.2514517,12.35967983,43980,0.090196778,0.007010882,-30
"40","scen.loss.30","1",4,0.99374633,0.66357534,0.7,2066,0.2066,0.236715651,0.330188408,11146,5416,16562,1491885,736271.9677,66.42,5.312571429,2.470151438,35,3.888888889,112.2514517,12.35967983,43980,0.090196778,0.007010882,-30
"41","scen.loss.30","2.5",4,0.8670071,0.5679877,0.7,2066,0.2066,0.236715651,0.330188408,11146,5416,16562,1491885,736271.9677,66.42,5.312571429,2.470151438,35,3.888888889,112.2514517,12.35967983,43980,0.090196778,0.007010882,-30
"42","scen.loss.30","5",4,0.29246482,0.2292947,0.7,2066,0.2066,0.236715651,0.330188408,11146,5416,16562,1491885,736271.9677,66.42,5.312571429,2.470151438,35,3.888888889,112.2514517,12.35967983,43980,0.090196778,0.007010882,-30
"43","scen.loss.30","1",5,0.99415406,0.66400223,0.7,2066,0.2066,0.236715651,0.330188408,11146,5416,16562,1491885,736271.9677,66.42,5.312571429,2.470151438,35,3.888888889,112.2514517,12.35967983,43980,0.090196778,0.007010882,-30
"44","scen.loss.30","2.5",5,0.86977872,0.56980929,0.7,2066,0.2066,0.236715651,0.330188408,11146,5416,16562,1491885,736271.9677,66.42,5.312571429,2.470151438,35,3.888888889,112.2514517,12.35967983,43980,0.090196778,0.007010882,-30
"45","scen.loss.30","5",5,0.29164289,0.2284914,0.7,2066,0.2066,0.236715651,0.330188408,11146,5416,16562,1491885,736271.9677,66.42,5.312571429,2.470151438,35,3.888888889,112.2514517,12.35967983,43980,0.090196778,0.007010882,-30
"46","scen.loss.40","1",1,0.99402327,0.6664786,0.6,1770,0.177,0.211731769,0.308989209,9540,4677,14217,1396101,658562.9865,60.3,4.305405405,1.921198465,37,4.111111111,117.5144248,12.36468253,39480,0.09123931,0.006844147,-40
"47","scen.loss.40","2.5",1,0.86252843,0.5651306,0.6,1770,0.177,0.211731769,0.308989209,9540,4677,14217,1396101,658562.9865,60.3,4.305405405,1.921198465,37,4.111111111,117.5144248,12.36468253,39480,0.09123931,0.006844147,-40
"48","scen.loss.40","5",1,0.25257879,0.20250284,0.6,1770,0.177,0.211731769,0.308989209,9540,4677,14217,1396101,658562.9865,60.3,4.305405405,1.921198465,37,4.111111111,117.5144248,12.36468253,39480,0.09123931,0.006844147,-40
"49","scen.loss.40","1",2,0.99374546,0.66404729,0.6,1770,0.177,0.211731769,0.308989209,9540,4677,14217,1396101,658562.9865,60.3,4.305405405,1.921198465,37,4.111111111,117.5144248,12.36468253,39480,0.09123931,0.006844147,-40
"50","scen.loss.40","2.5",2,0.86236556,0.56357936,0.6,1770,0.177,0.211731769,0.308989209,9540,4677,14217,1396101,658562.9865,60.3,4.305405405,1.921198465,37,4.111111111,117.5144248,12.36468253,39480,0.09123931,0.006844147,-40
"51","scen.loss.40","5",2,0.25321676,0.20237736,0.6,1770,0.177,0.211731769,0.308989209,9540,4677,14217,1396101,658562.9865,60.3,4.305405405,1.921198465,37,4.111111111,117.5144248,12.36468253,39480,0.09123931,0.006844147,-40
"52","scen.loss.40","1",3,0.99407579,0.6639187,0.6,1770,0.177,0.211731769,0.308989209,9540,4677,14217,1396101,658562.9865,60.3,4.305405405,1.921198465,37,4.111111111,117.5144248,12.36468253,39480,0.09123931,0.006844147,-40
"53","scen.loss.40","2.5",3,0.86257989,0.56306643,0.6,1770,0.177,0.211731769,0.308989209,9540,4677,14217,1396101,658562.9865,60.3,4.305405405,1.921198465,37,4.111111111,117.5144248,12.36468253,39480,0.09123931,0.006844147,-40
"54","scen.loss.40","5",3,0.2540821,0.20277744,0.6,1770,0.177,0.211731769,0.308989209,9540,4677,14217,1396101,658562.9865,60.3,4.305405405,1.921198465,37,4.111111111,117.5144248,12.36468253,39480,0.09123931,0.006844147,-40
"55","scen.loss.40","1",4,0.99391573,0.66632924,0.6,1770,0.177,0.211731769,0.308989209,9540,4677,14217,1396101,658562.9865,60.3,4.305405405,1.921198465,37,4.111111111,117.5144248,12.36468253,39480,0.09123931,0.006844147,-40
"56","scen.loss.40","2.5",4,0.86160939,0.56472611,0.6,1770,0.177,0.211731769,0.308989209,9540,4677,14217,1396101,658562.9865,60.3,4.305405405,1.921198465,37,4.111111111,117.5144248,12.36468253,39480,0.09123931,0.006844147,-40
"57","scen.loss.40","5",4,0.25379766,0.20314929,0.6,1770,0.177,0.211731769,0.308989209,9540,4677,14217,1396101,658562.9865,60.3,4.305405405,1.921198465,37,4.111111111,117.5144248,12.36468253,39480,0.09123931,0.006844147,-40
"58","scen.loss.40","1",5,0.9945764,0.66567436,0.6,1770,0.177,0.211731769,0.308989209,9540,4677,14217,1396101,658562.9865,60.3,4.305405405,1.921198465,37,4.111111111,117.5144248,12.36468253,39480,0.09123931,0.006844147,-40
"59","scen.loss.40","2.5",5,0.86439372,0.56561701,0.6,1770,0.177,0.211731769,0.308989209,9540,4677,14217,1396101,658562.9865,60.3,4.305405405,1.921198465,37,4.111111111,117.5144248,12.36468253,39480,0.09123931,0.006844147,-40
"60","scen.loss.40","5",5,0.25436149,0.20344659,0.6,1770,0.177,0.211731769,0.308989209,9540,4677,14217,1396101,658562.9865,60.3,4.305405405,1.921198465,37,4.111111111,117.5144248,12.36468253,39480,0.09123931,0.006844147,-40
"61","scen.loss.50","1",1,0.99415412,0.66831384,0.5,1476,0.1476,0.186417275,0.288294184,7870,3891,11761,1302595,579825.6829,53.1,3.907058824,1.771527963,34,3.777777778,139.5916825,17.66144057,36120,0.091483183,0.007191558,-50
"62","scen.loss.50","2.5",1,0.85960844,0.56226489,0.5,1476,0.1476,0.186417275,0.288294184,7870,3891,11761,1302595,579825.6829,53.1,3.907058824,1.771527963,34,3.777777778,139.5916825,17.66144057,36120,0.091483183,0.007191558,-50
"63","scen.loss.50","5",1,0.21711131,0.17824215,0.5,1476,0.1476,0.186417275,0.288294184,7870,3891,11761,1302595,579825.6829,53.1,3.907058824,1.771527963,34,3.777777778,139.5916825,17.66144057,36120,0.091483183,0.007191558,-50
"64","scen.loss.50","1",2,0.99468778,0.66822602,0.5,1476,0.1476,0.186417275,0.288294184,7870,3891,11761,1302595,579825.6829,53.1,3.907058824,1.771527963,34,3.777777778,139.5916825,17.66144057,36120,0.091483183,0.007191558,-50
"65","scen.loss.50","2.5",2,0.86077795,0.56359051,0.5,1476,0.1476,0.186417275,0.288294184,7870,3891,11761,1302595,579825.6829,53.1,3.907058824,1.771527963,34,3.777777778,139.5916825,17.66144057,36120,0.091483183,0.007191558,-50
"66","scen.loss.50","5",2,0.2180152,0.1782456,0.5,1476,0.1476,0.186417275,0.288294184,7870,3891,11761,1302595,579825.6829,53.1,3.907058824,1.771527963,34,3.777777778,139.5916825,17.66144057,36120,0.091483183,0.007191558,-50
"67","scen.loss.50","1",3,0.99471134,0.66661293,0.5,1476,0.1476,0.186417275,0.288294184,7870,3891,11761,1302595,579825.6829,53.1,3.907058824,1.771527963,34,3.777777778,139.5916825,17.66144057,36120,0.091483183,0.007191558,-50
"68","scen.loss.50","2.5",3,0.86117672,0.56216328,0.5,1476,0.1476,0.186417275,0.288294184,7870,3891,11761,1302595,579825.6829,53.1,3.907058824,1.771527963,34,3.777777778,139.5916825,17.66144057,36120,0.091483183,0.007191558,-50
"69","scen.loss.50","5",3,0.21637343,0.17721587,0.5,1476,0.1476,0.186417275,0.288294184,7870,3891,11761,1302595,579825.6829,53.1,3.907058824,1.771527963,34,3.777777778,139.5916825,17.66144057,36120,0.091483183,0.007191558,-50
"70","scen.loss.50","1",4,0.9943456,0.66761389,0.5,1476,0.1476,0.186417275,0.288294184,7870,3891,11761,1302595,579825.6829,53.1,3.907058824,1.771527963,34,3.777777778,139.5916825,17.66144057,36120,0.091483183,0.007191558,-50
"71","scen.loss.50","2.5",4,0.86170738,0.56296455,0.5,1476,0.1476,0.186417275,0.288294184,7870,3891,11761,1302595,579825.6829,53.1,3.907058824,1.771527963,34,3.777777778,139.5916825,17.66144057,36120,0.091483183,0.007191558,-50
"72","scen.loss.50","5",4,0.21834282,0.17949715,0.5,1476,0.1476,0.186417275,0.288294184,7870,3891,11761,1302595,579825.6829,53.1,3.907058824,1.771527963,34,3.777777778,139.5916825,17.66144057,36120,0.091483183,0.007191558,-50
"73","scen.loss.50","1",5,0.99453269,0.66883458,0.5,1476,0.1476,0.186417275,0.288294184,7870,3891,11761,1302595,579825.6829,53.1,3.907058824,1.771527963,34,3.777777778,139.5916825,17.66144057,36120,0.091483183,0.007191558,-50
"74","scen.loss.50","2.5",5,0.85992036,0.56293524,0.5,1476,0.1476,0.186417275,0.288294184,7870,3891,11761,1302595,579825.6829,53.1,3.907058824,1.771527963,34,3.777777778,139.5916825,17.66144057,36120,0.091483183,0.007191558,-50
"75","scen.loss.50","5",5,0.21723928,0.17835872,0.5,1476,0.1476,0.186417275,0.288294184,7870,3891,11761,1302595,579825.6829,53.1,3.907058824,1.771527963,34,3.777777778,139.5916825,17.66144057,36120,0.091483183,0.007191558,-50
"76","scen.loss.60","1",1,0.99471281,0.66877834,0.4,1181,0.1181,0.161874136,0.269862629,6165,3064,9229,1219316,503487.5719,37.8,3.428709677,1.404737739,31,3.444444444,153.3896204,22.38039549,31440,0.090264693,0.007768883,-60
"77","scen.loss.60","2.5",1,0.85539926,0.55791461,0.4,1181,0.1181,0.161874136,0.269862629,6165,3064,9229,1219316,503487.5719,37.8,3.428709677,1.404737739,31,3.444444444,153.3896204,22.38039549,31440,0.090264693,0.007768883,-60
"78","scen.loss.60","5",1,0.17874168,0.14923334,0.4,1181,0.1181,0.161874136,0.269862629,6165,3064,9229,1219316,503487.5719,37.8,3.428709677,1.404737739,31,3.444444444,153.3896204,22.38039549,31440,0.090264693,0.007768883,-60
"79","scen.loss.60","1",2,0.99505989,0.66812311,0.4,1181,0.1181,0.161874136,0.269862629,6165,3064,9229,1219316,503487.5719,37.8,3.428709677,1.404737739,31,3.444444444,153.3896204,22.38039549,31440,0.090264693,0.007768883,-60
"80","scen.loss.60","2.5",2,0.8590009,0.55986338,0.4,1181,0.1181,0.161874136,0.269862629,6165,3064,9229,1219316,503487.5719,37.8,3.428709677,1.404737739,31,3.444444444,153.3896204,22.38039549,31440,0.090264693,0.007768883,-60
"81","scen.loss.60","5",2,0.17779115,0.14912548,0.4,1181,0.1181,0.161874136,0.269862629,6165,3064,9229,1219316,503487.5719,37.8,3.428709677,1.404737739,31,3.444444444,153.3896204,22.38039549,31440,0.090264693,0.007768883,-60
"82","scen.loss.60","1",3,0.99504313,0.67056355,0.4,1181,0.1181,0.161874136,0.269862629,6165,3064,9229,1219316,503487.5719,37.8,3.428709677,1.404737739,31,3.444444444,153.3896204,22.38039549,31440,0.090264693,0.007768883,-60
"83","scen.loss.60","2.5",3,0.85437357,0.55798332,0.4,1181,0.1181,0.161874136,0.269862629,6165,3064,9229,1219316,503487.5719,37.8,3.428709677,1.404737739,31,3.444444444,153.3896204,22.38039549,31440,0.090264693,0.007768883,-60
"84","scen.loss.60","5",3,0.17700201,0.14893597,0.4,1181,0.1181,0.161874136,0.269862629,6165,3064,9229,1219316,503487.5719,37.8,3.428709677,1.404737739,31,3.444444444,153.3896204,22.38039549,31440,0.090264693,0.007768883,-60
"85","scen.loss.60","1",4,0.99490914,0.67174149,0.4,1181,0.1181,0.161874136,0.269862629,6165,3064,9229,1219316,503487.5719,37.8,3.428709677,1.404737739,31,3.444444444,153.3896204,22.38039549,31440,0.090264693,0.007768883,-60
"86","scen.loss.60","2.5",4,0.85799754,0.56194728,0.4,1181,0.1181,0.161874136,0.269862629,6165,3064,9229,1219316,503487.5719,37.8,3.428709677,1.404737739,31,3.444444444,153.3896204,22.38039549,31440,0.090264693,0.007768883,-60
"87","scen.loss.60","5",4,0.17829705,0.15024157,0.4,1181,0.1181,0.161874136,0.269862629,6165,3064,9229,1219316,503487.5719,37.8,3.428709677,1.404737739,31,3.444444444,153.3896204,22.38039549,31440,0.090264693,0.007768883,-60
"88","scen.loss.60","1",5,0.99471421,0.67137616,0.4,1181,0.1181,0.161874136,0.269862629,6165,3064,9229,1219316,503487.5719,37.8,3.428709677,1.404737739,31,3.444444444,153.3896204,22.38039549,31440,0.090264693,0.007768883,-60
"89","scen.loss.60","2.5",5,0.85441122,0.55900198,0.4,1181,0.1181,0.161874136,0.269862629,6165,3064,9229,1219316,503487.5719,37.8,3.428709677,1.404737739,31,3.444444444,153.3896204,22.38039549,31440,0.090264693,0.007768883,-60
"90","scen.loss.60","5",5,0.17769835,0.14948909,0.4,1181,0.1181,0.161874136,0.269862629,6165,3064,9229,1219316,503487.5719,37.8,3.428709677,1.404737739,31,3.444444444,153.3896204,22.38039549,31440,0.090264693,0.007768883,-60
"91","scen.loss.70","1",1,0.99531003,0.67332636,0.3,886,0.0886,0.133516359,0.249433192,4346,2169,6515,1127010,415284.5481,16.83,2.749655172,0.83983937,29,3.222222222,153.0786859,27.24954381,25800,0.080867933,0.007618057,-70
"92","scen.loss.70","2.5",1,0.85377768,0.55716423,0.3,886,0.0886,0.133516359,0.249433192,4346,2169,6515,1127010,415284.5481,16.83,2.749655172,0.83983937,29,3.222222222,153.0786859,27.24954381,25800,0.080867933,0.007618057,-70
"93","scen.loss.70","5",1,0.13952959,0.12003781,0.3,886,0.0886,0.133516359,0.249433192,4346,2169,6515,1127010,415284.5481,16.83,2.749655172,0.83983937,29,3.222222222,153.0786859,27.24954381,25800,0.080867933,0.007618057,-70
"94","scen.loss.70","1",2,0.99568192,0.66960179,0.3,886,0.0886,0.133516359,0.249433192,4346,2169,6515,1127010,415284.5481,16.83,2.749655172,0.83983937,29,3.222222222,153.0786859,27.24954381,25800,0.080867933,0.007618057,-70
"95","scen.loss.70","2.5",2,0.85420676,0.55591595,0.3,886,0.0886,0.133516359,0.249433192,4346,2169,6515,1127010,415284.5481,16.83,2.749655172,0.83983937,29,3.222222222,153.0786859,27.24954381,25800,0.080867933,0.007618057,-70
"96","scen.loss.70","5",2,0.14018425,0.1210832,0.3,886,0.0886,0.133516359,0.249433192,4346,2169,6515,1127010,415284.5481,16.83,2.749655172,0.83983937,29,3.222222222,153.0786859,27.24954381,25800,0.080867933,0.007618057,-70
"97","scen.loss.70","1",3,0.99559925,0.67147749,0.3,886,0.0886,0.133516359,0.249433192,4346,2169,6515,1127010,415284.5481,16.83,2.749655172,0.83983937,29,3.222222222,153.0786859,27.24954381,25800,0.080867933,0.007618057,-70
"98","scen.loss.70","2.5",3,0.85375834,0.55691043,0.3,886,0.0886,0.133516359,0.249433192,4346,2169,6515,1127010,415284.5481,16.83,2.749655172,0.83983937,29,3.222222222,153.0786859,27.24954381,25800,0.080867933,0.007618057,-70
"99","scen.loss.70","5",3,0.13964879,0.1200415,0.3,886,0.0886,0.133516359,0.249433192,4346,2169,6515,1127010,415284.5481,16.83,2.749655172,0.83983937,29,3.222222222,153.0786859,27.24954381,25800,0.080867933,0.007618057,-70
"100","scen.loss.70","1",4,0.99554014,0.67032008,0.3,886,0.0886,0.133516359,0.249433192,4346,2169,6515,1127010,415284.5481,16.83,2.749655172,0.83983937,29,3.222222222,153.0786859,27.24954381,25800,0.080867933,0.007618057,-70
"101","scen.loss.70","2.5",4,0.85864489,0.55857117,0.3,886,0.0886,0.133516359,0.249433192,4346,2169,6515,1127010,415284.5481,16.83,2.749655172,0.83983937,29,3.222222222,153.0786859,27.24954381,25800,0.080867933,0.007618057,-70
"102","scen.loss.70","5",4,0.14086849,0.12112157,0.3,886,0.0886,0.133516359,0.249433192,4346,2169,6515,1127010,415284.5481,16.83,2.749655172,0.83983937,29,3.222222222,153.0786859,27.24954381,25800,0.080867933,0.007618057,-70
"103","scen.loss.70","1",5,0.99554111,0.67226951,0.3,886,0.0886,0.133516359,0.249433192,4346,2169,6515,1127010,415284.5481,16.83,2.749655172,0.83983937,29,3.222222222,153.0786859,27.24954381,25800,0.080867933,0.007618057,-70
"104","scen.loss.70","2.5",5,0.85194311,0.55628837,0.3,886,0.0886,0.133516359,0.249433192,4346,2169,6515,1127010,415284.5481,16.83,2.749655172,0.83983937,29,3.222222222,153.0786859,27.24954381,25800,0.080867933,0.007618057,-70
"105","scen.loss.70","5",5,0.14021165,0.12063184,0.3,886,0.0886,0.133516359,0.249433192,4346,2169,6515,1127010,415284.5481,16.83,2.749655172,0.83983937,29,3.222222222,153.0786859,27.24954381,25800,0.080867933,0.007618057,-70
"106","scen.loss.80","1",1,0.9960926,0.66779548,0.2,590,0.059,0.104114881,0.228817843,2634,1317,3951,1033864,323835.2339,13.86,1.966666667,0.687381381,27,3,194.7367891,37.7971558,18780,0.090690086,0.008135415,-80
"107","scen.loss.80","2.5",1,0.85103029,0.55000716,0.2,590,0.059,0.104114881,0.228817843,2634,1317,3951,1033864,323835.2339,13.86,1.966666667,0.687381381,27,3,194.7367891,37.7971558,18780,0.090690086,0.008135415,-80
"108","scen.loss.80","5",1,0.09374091,0.08243653,0.2,590,0.059,0.104114881,0.228817843,2634,1317,3951,1033864,323835.2339,13.86,1.966666667,0.687381381,27,3,194.7367891,37.7971558,18780,0.090690086,0.008135415,-80
"109","scen.loss.80","1",2,0.99606033,0.66981406,0.2,590,0.059,0.104114881,0.228817843,2634,1317,3951,1033864,323835.2339,13.86,1.966666667,0.687381381,27,3,194.7367891,37.7971558,18780,0.090690086,0.008135415,-80
"110","scen.loss.80","2.5",2,0.85446496,0.55380408,0.2,590,0.059,0.104114881,0.228817843,2634,1317,3951,1033864,323835.2339,13.86,1.966666667,0.687381381,27,3,194.7367891,37.7971558,18780,0.090690086,0.008135415,-80
"111","scen.loss.80","5",2,0.09524516,0.08392989,0.2,590,0.059,0.104114881,0.228817843,2634,1317,3951,1033864,323835.2339,13.86,1.966666667,0.687381381,27,3,194.7367891,37.7971558,18780,0.090690086,0.008135415,-80
"112","scen.loss.80","1",3,0.99623472,0.66883119,0.2,590,0.059,0.104114881,0.228817843,2634,1317,3951,1033864,323835.2339,13.86,1.966666667,0.687381381,27,3,194.7367891,37.7971558,18780,0.090690086,0.008135415,-80
"113","scen.loss.80","2.5",3,0.85509526,0.55381352,0.2,590,0.059,0.104114881,0.228817843,2634,1317,3951,1033864,323835.2339,13.86,1.966666667,0.687381381,27,3,194.7367891,37.7971558,18780,0.090690086,0.008135415,-80
"114","scen.loss.80","5",3,0.09607278,0.08477575,0.2,590,0.059,0.104114881,0.228817843,2634,1317,3951,1033864,323835.2339,13.86,1.966666667,0.687381381,27,3,194.7367891,37.7971558,18780,0.090690086,0.008135415,-80
"115","scen.loss.80","1",4,0.99597026,0.66950356,0.2,590,0.059,0.104114881,0.228817843,2634,1317,3951,1033864,323835.2339,13.86,1.966666667,0.687381381,27,3,194.7367891,37.7971558,18780,0.090690086,0.008135415,-80
"116","scen.loss.80","2.5",4,0.85562893,0.55471067,0.2,590,0.059,0.104114881,0.228817843,2634,1317,3951,1033864,323835.2339,13.86,1.966666667,0.687381381,27,3,194.7367891,37.7971558,18780,0.090690086,0.008135415,-80
"117","scen.loss.80","5",4,0.09495208,0.08388575,0.2,590,0.059,0.104114881,0.228817843,2634,1317,3951,1033864,323835.2339,13.86,1.966666667,0.687381381,27,3,194.7367891,37.7971558,18780,0.090690086,0.008135415,-80
"118","scen.loss.80","1",5,0.99612193,0.67120405,0.2,590,0.059,0.104114881,0.228817843,2634,1317,3951,1033864,323835.2339,13.86,1.966666667,0.687381381,27,3,194.7367891,37.7971558,18780,0.090690086,0.008135415,-80
"119","scen.loss.80","2.5",5,0.85566526,0.55558937,0.2,590,0.059,0.104114881,0.228817843,2634,1317,3951,1033864,323835.2339,13.86,1.966666667,0.687381381,27,3,194.7367891,37.7971558,18780,0.090690086,0.008135415,-80
"120","scen.loss.80","5",5,0.09467571,0.08357988,0.2,590,0.059,0.104114881,0.228817843,2634,1317,3951,1033864,323835.2339,13.86,1.966666667,0.687381381,27,3,194.7367891,37.7971558,18780,0.090690086,0.008135415,-80
"121","scen.loss.90","1",1,0.99651285,0.66861919,0.1,295,0.0295,0.076392977,0.205726997,756,378,1134,929533,237610.006,9.27,1.3275,0.57856532,20,2.222222222,141.9620643,27.75055457,10320,0.09690954,0.009001062,-90
"122","scen.loss.90","2.5",1,0.85180504,0.54897894,0.1,295,0.0295,0.076392977,0.205726997,756,378,1134,929533,237610.006,9.27,1.3275,0.57856532,20,2.222222222,141.9620643,27.75055457,10320,0.09690954,0.009001062,-90
"123","scen.loss.90","5",1,0.04145595,0.03720656,0.1,295,0.0295,0.076392977,0.205726997,756,378,1134,929533,237610.006,9.27,1.3275,0.57856532,20,2.222222222,141.9620643,27.75055457,10320,0.09690954,0.009001062,-90
"124","scen.loss.90","1",2,0.99669271,0.66732725,0.1,295,0.0295,0.076392977,0.205726997,756,378,1134,929533,237610.006,9.27,1.3275,0.57856532,20,2.222222222,141.9620643,27.75055457,10320,0.09690954,0.009001062,-90
"125","scen.loss.90","2.5",2,0.85097746,0.54735422,0.1,295,0.0295,0.076392977,0.205726997,756,378,1134,929533,237610.006,9.27,1.3275,0.57856532,20,2.222222222,141.9620643,27.75055457,10320,0.09690954,0.009001062,-90
"126","scen.loss.90","5",2,0.04144176,0.03705441,0.1,295,0.0295,0.076392977,0.205726997,756,378,1134,929533,237610.006,9.27,1.3275,0.57856532,20,2.222222222,141.9620643,27.75055457,10320,0.09690954,0.009001062,-90
"127","scen.loss.90","1",3,0.99672092,0.665078,0.1,295,0.0295,0.076392977,0.205726997,756,378,1134,929533,237610.006,9.27,1.3275,0.57856532,20,2.222222222,141.9620643,27.75055457,10320,0.09690954,0.009001062,-90
"128","scen.loss.90","2.5",3,0.85366937,0.54866839,0.1,295,0.0295,0.076392977,0.205726997,756,378,1134,929533,237610.006,9.27,1.3275,0.57856532,20,2.222222222,141.9620643,27.75055457,10320,0.09690954,0.009001062,-90
"129","scen.loss.90","5",3,0.04107311,0.03676015,0.1,295,0.0295,0.076392977,0.205726997,756,378,1134,929533,237610.006,9.27,1.3275,0.57856532,20,2.222222222,141.9620643,27.75055457,10320,0.09690954,0.009001062,-90
"130","scen.loss.90","1",4,0.9967948,0.66764526,0.1,295,0.0295,0.076392977,0.205726997,756,378,1134,929533,237610.006,9.27,1.3275,0.57856532,20,2.222222222,141.9620643,27.75055457,10320,0.09690954,0.009001062,-90
"131","scen.loss.90","2.5",4,0.85297029,0.54898181,0.1,295,0.0295,0.076392977,0.205726997,756,378,1134,929533,237610.006,9.27,1.3275,0.57856532,20,2.222222222,141.9620643,27.75055457,10320,0.09690954,0.009001062,-90
"132","scen.loss.90","5",4,0.04228034,0.0378352,0.1,295,0.0295,0.076392977,0.205726997,756,378,1134,929533,237610.006,9.27,1.3275,0.57856532,20,2.222222222,141.9620643,27.75055457,10320,0.09690954,0.009001062,-90
"133","scen.loss.90","1",5,0.99667821,0.66634724,0.1,295,0.0295,0.076392977,0.205726997,756,378,1134,929533,237610.006,9.27,1.3275,0.57856532,20,2.222222222,141.9620643,27.75055457,10320,0.09690954,0.009001062,-90
"134","scen.loss.90","2.5",5,0.85000256,0.54647771,0.1,295,0.0295,0.076392977,0.205726997,756,378,1134,929533,237610.006,9.27,1.3275,0.57856532,20,2.222222222,141.9620643,27.75055457,10320,0.09690954,0.009001062,-90
"135","scen.loss.90","5",5,0.04125755,0.03691204,0.1,295,0.0295,0.076392977,0.205726997,756,378,1134,929533,237610.006,9.27,1.3275,0.57856532,20,2.222222222,141.9620643,27.75055457,10320,0.09690954,0.009001062,-90
"136","scen.loss.100","1",1,0.99690048,0.66512939,0,1,1e-04,0.055574617,0.185890484,NA,NA,NA,839906,172857.3196,0.09,0.09,NA,1,0.111111111,NA,NA,120,0.133333333,NA,-100
"137","scen.loss.100","2.5",1,0.84408486,0.54018353,0,1,1e-04,0.055574617,0.185890484,NA,NA,NA,839906,172857.3196,0.09,0.09,NA,1,0.111111111,NA,NA,120,0.133333333,NA,-100
"138","scen.loss.100","5",1,0.00374586,0.00333655,0,1,1e-04,0.055574617,0.185890484,NA,NA,NA,839906,172857.3196,0.09,0.09,NA,1,0.111111111,NA,NA,120,0.133333333,NA,-100
"139","scen.loss.100","1",2,0.99711839,0.66221295,0,1,1e-04,0.055574617,0.185890484,NA,NA,NA,839906,172857.3196,0.09,0.09,NA,1,0.111111111,NA,NA,120,0.133333333,NA,-100
"140","scen.loss.100","2.5",2,0.84639394,0.54075604,0,1,1e-04,0.055574617,0.185890484,NA,NA,NA,839906,172857.3196,0.09,0.09,NA,1,0.111111111,NA,NA,120,0.133333333,NA,-100
"141","scen.loss.100","5",2,0.00375597,0.00334576,0,1,1e-04,0.055574617,0.185890484,NA,NA,NA,839906,172857.3196,0.09,0.09,NA,1,0.111111111,NA,NA,120,0.133333333,NA,-100
"142","scen.loss.100","1",3,0.99710627,0.66344716,0,1,1e-04,0.055574617,0.185890484,NA,NA,NA,839906,172857.3196,0.09,0.09,NA,1,0.111111111,NA,NA,120,0.133333333,NA,-100
"143","scen.loss.100","2.5",3,0.84580744,0.54028333,0,1,1e-04,0.055574617,0.185890484,NA,NA,NA,839906,172857.3196,0.09,0.09,NA,1,0.111111111,NA,NA,120,0.133333333,NA,-100
"144","scen.loss.100","5",3,0.00375669,0.00334642,0,1,1e-04,0.055574617,0.185890484,NA,NA,NA,839906,172857.3196,0.09,0.09,NA,1,0.111111111,NA,NA,120,0.133333333,NA,-100
"145","scen.loss.100","1",4,0.99706627,0.66548659,0,1,1e-04,0.055574617,0.185890484,NA,NA,NA,839906,172857.3196,0.09,0.09,NA,1,0.111111111,NA,NA,120,0.133333333,NA,-100
"146","scen.loss.100","2.5",4,0.84200079,0.53903362,0,1,1e-04,0.055574617,0.185890484,NA,NA,NA,839906,172857.3196,0.09,0.09,NA,1,0.111111111,NA,NA,120,0.133333333,NA,-100
"147","scen.loss.100","5",4,0.00375816,0.00334995,0,1,1e-04,0.055574617,0.185890484,NA,NA,NA,839906,172857.3196,0.09,0.09,NA,1,0.111111111,NA,NA,120,0.133333333,NA,-100
"148","scen.loss.100","1",5,0.99697221,0.66315708,0,1,1e-04,0.055574617,0.185890484,NA,NA,NA,839906,172857.3196,0.09,0.09,NA,1,0.111111111,NA,NA,120,0.133333333,NA,-100
"149","scen.loss.100","2.5",5,0.84740393,0.54220127,0,1,1e-04,0.055574617,0.185890484,NA,NA,NA,839906,172857.3196,0.09,0.09,NA,1,0.111111111,NA,NA,120,0.133333333,NA,-100
"150","scen.loss.100","5",5,0.00375946,0.00335042,0,1,1e-04,0.055574617,0.185890484,NA,NA,NA,839906,172857.3196,0.09,0.09,NA,1,0.111111111,NA,NA,120,0.133333333,NA,-100
"151","scen.rest.10","1",1,0.99474331,0.66148104,1.1,3244,0.3244,0.322627567,0.409864232,16804,8272,25076,1851883,1003489.345,137.7,15.36631579,8.248236679,19,2.111111111,114.5358072,22.18670301,53100,0.045110972,0.005577258,10
"152","scen.rest.10","2.5",1,0.89242186,0.58687707,1.1,3244,0.3244,0.322627567,0.409864232,16804,8272,25076,1851883,1003489.345,137.7,15.36631579,8.248236679,19,2.111111111,114.5358072,22.18670301,53100,0.045110972,0.005577258,10
"153","scen.rest.10","5",1,0.46122728,0.33712782,1.1,3244,0.3244,0.322627567,0.409864232,16804,8272,25076,1851883,1003489.345,137.7,15.36631579,8.248236679,19,2.111111111,114.5358072,22.18670301,53100,0.045110972,0.005577258,10
"154","scen.rest.10","1",2,0.99508791,0.66105401,1.1,3244,0.3244,0.322627567,0.409864232,16804,8272,25076,1851883,1003489.345,137.7,15.36631579,8.248236679,19,2.111111111,114.5358072,22.18670301,53100,0.045110972,0.005577258,10
"155","scen.rest.10","2.5",2,0.89544085,0.5883964,1.1,3244,0.3244,0.322627567,0.409864232,16804,8272,25076,1851883,1003489.345,137.7,15.36631579,8.248236679,19,2.111111111,114.5358072,22.18670301,53100,0.045110972,0.005577258,10
"156","scen.rest.10","5",2,0.45859257,0.33528775,1.1,3244,0.3244,0.322627567,0.409864232,16804,8272,25076,1851883,1003489.345,137.7,15.36631579,8.248236679,19,2.111111111,114.5358072,22.18670301,53100,0.045110972,0.005577258,10
"157","scen.rest.10","1",3,0.9948994,0.66138602,1.1,3244,0.3244,0.322627567,0.409864232,16804,8272,25076,1851883,1003489.345,137.7,15.36631579,8.248236679,19,2.111111111,114.5358072,22.18670301,53100,0.045110972,0.005577258,10
"158","scen.rest.10","2.5",3,0.89197403,0.58665367,1.1,3244,0.3244,0.322627567,0.409864232,16804,8272,25076,1851883,1003489.345,137.7,15.36631579,8.248236679,19,2.111111111,114.5358072,22.18670301,53100,0.045110972,0.005577258,10
"159","scen.rest.10","5",3,0.45924916,0.33601144,1.1,3244,0.3244,0.322627567,0.409864232,16804,8272,25076,1851883,1003489.345,137.7,15.36631579,8.248236679,19,2.111111111,114.5358072,22.18670301,53100,0.045110972,0.005577258,10
"160","scen.rest.10","1",4,0.99462255,0.66170391,1.1,3244,0.3244,0.322627567,0.409864232,16804,8272,25076,1851883,1003489.345,137.7,15.36631579,8.248236679,19,2.111111111,114.5358072,22.18670301,53100,0.045110972,0.005577258,10
"161","scen.rest.10","2.5",4,0.89169104,0.58657254,1.1,3244,0.3244,0.322627567,0.409864232,16804,8272,25076,1851883,1003489.345,137.7,15.36631579,8.248236679,19,2.111111111,114.5358072,22.18670301,53100,0.045110972,0.005577258,10
"162","scen.rest.10","5",4,0.4602437,0.33687902,1.1,3244,0.3244,0.322627567,0.409864232,16804,8272,25076,1851883,1003489.345,137.7,15.36631579,8.248236679,19,2.111111111,114.5358072,22.18670301,53100,0.045110972,0.005577258,10
"163","scen.rest.10","1",5,0.99474572,0.66060257,1.1,3244,0.3244,0.322627567,0.409864232,16804,8272,25076,1851883,1003489.345,137.7,15.36631579,8.248236679,19,2.111111111,114.5358072,22.18670301,53100,0.045110972,0.005577258,10
"164","scen.rest.10","2.5",5,0.89103927,0.58505432,1.1,3244,0.3244,0.322627567,0.409864232,16804,8272,25076,1851883,1003489.345,137.7,15.36631579,8.248236679,19,2.111111111,114.5358072,22.18670301,53100,0.045110972,0.005577258,10
"165","scen.rest.10","5",5,0.4614838,0.33710682,1.1,3244,0.3244,0.322627567,0.409864232,16804,8272,25076,1851883,1003489.345,137.7,15.36631579,8.248236679,19,2.111111111,114.5358072,22.18670301,53100,0.045110972,0.005577258,10
"166","scen.rest.20","1",1,0.99466811,0.65858445,1.2,3539,0.3539,0.34208832,0.429878688,16927,8834,25761,1942314,1064019.38,174.51,21.234,12.61766456,15,1.666666667,117.9294776,23.89357103,54240,0.044345218,0.006884984,20
"167","scen.rest.20","2.5",1,0.9000549,0.59041739,1.2,3539,0.3539,0.34208832,0.429878688,16927,8834,25761,1942314,1064019.38,174.51,21.234,12.61766456,15,1.666666667,117.9294776,23.89357103,54240,0.044345218,0.006884984,20
"168","scen.rest.20","5",1,0.49439303,0.35565375,1.2,3539,0.3539,0.34208832,0.429878688,16927,8834,25761,1942314,1064019.38,174.51,21.234,12.61766456,15,1.666666667,117.9294776,23.89357103,54240,0.044345218,0.006884984,20
"169","scen.rest.20","1",2,0.99491143,0.65726547,1.2,3539,0.3539,0.34208832,0.429878688,16927,8834,25761,1942314,1064019.38,174.51,21.234,12.61766456,15,1.666666667,117.9294776,23.89357103,54240,0.044345218,0.006884984,20
"170","scen.rest.20","2.5",2,0.8966911,0.58650443,1.2,3539,0.3539,0.34208832,0.429878688,16927,8834,25761,1942314,1064019.38,174.51,21.234,12.61766456,15,1.666666667,117.9294776,23.89357103,54240,0.044345218,0.006884984,20
"171","scen.rest.20","5",2,0.49349734,0.35414005,1.2,3539,0.3539,0.34208832,0.429878688,16927,8834,25761,1942314,1064019.38,174.51,21.234,12.61766456,15,1.666666667,117.9294776,23.89357103,54240,0.044345218,0.006884984,20
"172","scen.rest.20","1",3,0.99484151,0.65896013,1.2,3539,0.3539,0.34208832,0.429878688,16927,8834,25761,1942314,1064019.38,174.51,21.234,12.61766456,15,1.666666667,117.9294776,23.89357103,54240,0.044345218,0.006884984,20
"173","scen.rest.20","2.5",3,0.89697417,0.58824955,1.2,3539,0.3539,0.34208832,0.429878688,16927,8834,25761,1942314,1064019.38,174.51,21.234,12.61766456,15,1.666666667,117.9294776,23.89357103,54240,0.044345218,0.006884984,20
"174","scen.rest.20","5",3,0.49293226,0.35497468,1.2,3539,0.3539,0.34208832,0.429878688,16927,8834,25761,1942314,1064019.38,174.51,21.234,12.61766456,15,1.666666667,117.9294776,23.89357103,54240,0.044345218,0.006884984,20
"175","scen.rest.20","1",4,0.99485444,0.65934266,1.2,3539,0.3539,0.34208832,0.429878688,16927,8834,25761,1942314,1064019.38,174.51,21.234,12.61766456,15,1.666666667,117.9294776,23.89357103,54240,0.044345218,0.006884984,20
"176","scen.rest.20","2.5",4,0.89648311,0.58893932,1.2,3539,0.3539,0.34208832,0.429878688,16927,8834,25761,1942314,1064019.38,174.51,21.234,12.61766456,15,1.666666667,117.9294776,23.89357103,54240,0.044345218,0.006884984,20
"177","scen.rest.20","5",4,0.49384572,0.35621741,1.2,3539,0.3539,0.34208832,0.429878688,16927,8834,25761,1942314,1064019.38,174.51,21.234,12.61766456,15,1.666666667,117.9294776,23.89357103,54240,0.044345218,0.006884984,20
"178","scen.rest.20","1",5,0.99491799,0.65873539,1.2,3539,0.3539,0.34208832,0.429878688,16927,8834,25761,1942314,1064019.38,174.51,21.234,12.61766456,15,1.666666667,117.9294776,23.89357103,54240,0.044345218,0.006884984,20
"179","scen.rest.20","2.5",5,0.89637698,0.58807685,1.2,3539,0.3539,0.34208832,0.429878688,16927,8834,25761,1942314,1064019.38,174.51,21.234,12.61766456,15,1.666666667,117.9294776,23.89357103,54240,0.044345218,0.006884984,20
"180","scen.rest.20","5",5,0.49321612,0.35564652,1.2,3539,0.3539,0.34208832,0.429878688,16927,8834,25761,1942314,1064019.38,174.51,21.234,12.61766456,15,1.666666667,117.9294776,23.89357103,54240,0.044345218,0.006884984,20
"181","scen.rest.30","1",1,0.99506613,0.65501182,1.3,3835,0.3835,0.361469186,0.45033734,17253,9381,26634,2034752,1124300.94,192.15,28.7625,16.89779173,12,1.333333333,133.9159064,28.35093393,54600,0.036687694,0.007241934,30
"182","scen.rest.30","2.5",1,0.90042577,0.58801828,1.3,3835,0.3835,0.361469186,0.45033734,17253,9381,26634,2034752,1124300.94,192.15,28.7625,16.89779173,12,1.333333333,133.9159064,28.35093393,54600,0.036687694,0.007241934,30
"183","scen.rest.30","5",1,0.52487575,0.3715575,1.3,3835,0.3835,0.361469186,0.45033734,17253,9381,26634,2034752,1124300.94,192.15,28.7625,16.89779173,12,1.333333333,133.9159064,28.35093393,54600,0.036687694,0.007241934,30
"184","scen.rest.30","1",2,0.99528934,0.65487944,1.3,3835,0.3835,0.361469186,0.45033734,17253,9381,26634,2034752,1124300.94,192.15,28.7625,16.89779173,12,1.333333333,133.9159064,28.35093393,54600,0.036687694,0.007241934,30
"185","scen.rest.30","2.5",2,0.90308397,0.58946854,1.3,3835,0.3835,0.361469186,0.45033734,17253,9381,26634,2034752,1124300.94,192.15,28.7625,16.89779173,12,1.333333333,133.9159064,28.35093393,54600,0.036687694,0.007241934,30
"186","scen.rest.30","5",2,0.52696098,0.37339734,1.3,3835,0.3835,0.361469186,0.45033734,17253,9381,26634,2034752,1124300.94,192.15,28.7625,16.89779173,12,1.333333333,133.9159064,28.35093393,54600,0.036687694,0.007241934,30
"187","scen.rest.30","1",3,0.99492981,0.65628368,1.3,3835,0.3835,0.361469186,0.45033734,17253,9381,26634,2034752,1124300.94,192.15,28.7625,16.89779173,12,1.333333333,133.9159064,28.35093393,54600,0.036687694,0.007241934,30
"188","scen.rest.30","2.5",3,0.90006223,0.58880406,1.3,3835,0.3835,0.361469186,0.45033734,17253,9381,26634,2034752,1124300.94,192.15,28.7625,16.89779173,12,1.333333333,133.9159064,28.35093393,54600,0.036687694,0.007241934,30
"189","scen.rest.30","5",3,0.52436336,0.37253714,1.3,3835,0.3835,0.361469186,0.45033734,17253,9381,26634,2034752,1124300.94,192.15,28.7625,16.89779173,12,1.333333333,133.9159064,28.35093393,54600,0.036687694,0.007241934,30
"190","scen.rest.30","1",4,0.99472296,0.65352388,1.3,3835,0.3835,0.361469186,0.45033734,17253,9381,26634,2034752,1124300.94,192.15,28.7625,16.89779173,12,1.333333333,133.9159064,28.35093393,54600,0.036687694,0.007241934,30
"191","scen.rest.30","2.5",4,0.90190058,0.58794165,1.3,3835,0.3835,0.361469186,0.45033734,17253,9381,26634,2034752,1124300.94,192.15,28.7625,16.89779173,12,1.333333333,133.9159064,28.35093393,54600,0.036687694,0.007241934,30
"192","scen.rest.30","5",4,0.52597199,0.3719239,1.3,3835,0.3835,0.361469186,0.45033734,17253,9381,26634,2034752,1124300.94,192.15,28.7625,16.89779173,12,1.333333333,133.9159064,28.35093393,54600,0.036687694,0.007241934,30
"193","scen.rest.30","1",5,0.99459737,0.65520433,1.3,3835,0.3835,0.361469186,0.45033734,17253,9381,26634,2034752,1124300.94,192.15,28.7625,16.89779173,12,1.333333333,133.9159064,28.35093393,54600,0.036687694,0.007241934,30
"194","scen.rest.30","2.5",5,0.90178643,0.58961985,1.3,3835,0.3835,0.361469186,0.45033734,17253,9381,26634,2034752,1124300.94,192.15,28.7625,16.89779173,12,1.333333333,133.9159064,28.35093393,54600,0.036687694,0.007241934,30
"195","scen.rest.30","5",5,0.52460455,0.3720859,1.3,3835,0.3835,0.361469186,0.45033734,17253,9381,26634,2034752,1124300.94,192.15,28.7625,16.89779173,12,1.333333333,133.9159064,28.35093393,54600,0.036687694,0.007241934,30
"196","scen.rest.40","1",1,0.99522138,0.65198169,1.4,4134,0.4134,0.380046278,0.471344209,17823,10020,27843,2129667,1182082.467,223.02,41.31,25.25222267,9,1,142.2547756,29.29073835,55260,0.024390543,0.002801148,40
"197","scen.rest.40","2.5",1,0.91004548,0.5920901,1.4,4134,0.4134,0.380046278,0.471344209,17823,10020,27843,2129667,1182082.467,223.02,41.31,25.25222267,9,1,142.2547756,29.29073835,55260,0.024390543,0.002801148,40
"198","scen.rest.40","5",1,0.55640947,0.38926629,1.4,4134,0.4134,0.380046278,0.471344209,17823,10020,27843,2129667,1182082.467,223.02,41.31,25.25222267,9,1,142.2547756,29.29073835,55260,0.024390543,0.002801148,40
"199","scen.rest.40","1",2,0.99548167,0.65092034,1.4,4134,0.4134,0.380046278,0.471344209,17823,10020,27843,2129667,1182082.467,223.02,41.31,25.25222267,9,1,142.2547756,29.29073835,55260,0.024390543,0.002801148,40
"200","scen.rest.40","2.5",2,0.91001096,0.59073337,1.4,4134,0.4134,0.380046278,0.471344209,17823,10020,27843,2129667,1182082.467,223.02,41.31,25.25222267,9,1,142.2547756,29.29073835,55260,0.024390543,0.002801148,40
"201","scen.rest.40","5",2,0.55756714,0.38889392,1.4,4134,0.4134,0.380046278,0.471344209,17823,10020,27843,2129667,1182082.467,223.02,41.31,25.25222267,9,1,142.2547756,29.29073835,55260,0.024390543,0.002801148,40
"202","scen.rest.40","1",3,0.99539918,0.65228136,1.4,4134,0.4134,0.380046278,0.471344209,17823,10020,27843,2129667,1182082.467,223.02,41.31,25.25222267,9,1,142.2547756,29.29073835,55260,0.024390543,0.002801148,40
"203","scen.rest.40","2.5",3,0.90984257,0.59145685,1.4,4134,0.4134,0.380046278,0.471344209,17823,10020,27843,2129667,1182082.467,223.02,41.31,25.25222267,9,1,142.2547756,29.29073835,55260,0.024390543,0.002801148,40
"204","scen.rest.40","5",3,0.55534722,0.38786302,1.4,4134,0.4134,0.380046278,0.471344209,17823,10020,27843,2129667,1182082.467,223.02,41.31,25.25222267,9,1,142.2547756,29.29073835,55260,0.024390543,0.002801148,40
"205","scen.rest.40","1",4,0.99508013,0.65318144,1.4,4134,0.4134,0.380046278,0.471344209,17823,10020,27843,2129667,1182082.467,223.02,41.31,25.25222267,9,1,142.2547756,29.29073835,55260,0.024390543,0.002801148,40
"206","scen.rest.40","2.5",4,0.90890849,0.59229566,1.4,4134,0.4134,0.380046278,0.471344209,17823,10020,27843,2129667,1182082.467,223.02,41.31,25.25222267,9,1,142.2547756,29.29073835,55260,0.024390543,0.002801148,40
"207","scen.rest.40","5",4,0.55719166,0.3897824,1.4,4134,0.4134,0.380046278,0.471344209,17823,10020,27843,2129667,1182082.467,223.02,41.31,25.25222267,9,1,142.2547756,29.29073835,55260,0.024390543,0.002801148,40
"208","scen.rest.40","1",5,0.99522613,0.65293649,1.4,4134,0.4134,0.380046278,0.471344209,17823,10020,27843,2129667,1182082.467,223.02,41.31,25.25222267,9,1,142.2547756,29.29073835,55260,0.024390543,0.002801148,40
"209","scen.rest.40","2.5",5,0.90799816,0.59132999,1.4,4134,0.4134,0.380046278,0.471344209,17823,10020,27843,2129667,1182082.467,223.02,41.31,25.25222267,9,1,142.2547756,29.29073835,55260,0.024390543,0.002801148,40
"210","scen.rest.40","5",5,0.55707573,0.39071432,1.4,4134,0.4134,0.380046278,0.471344209,17823,10020,27843,2129667,1182082.467,223.02,41.31,25.25222267,9,1,142.2547756,29.29073835,55260,0.024390543,0.002801148,40
"211","scen.rest.50","1",1,0.99557219,0.64841632,1.5,4424,0.4424,0.400300064,0.492685719,18331,10572,28903,2226094,1245079.126,349.29,66.36,56.61504429,6,0.666666667,195.7444757,24.2243689,54720,0.021934036,0.002139765,50
"212","scen.rest.50","2.5",1,0.91384128,0.59155967,1.5,4424,0.4424,0.400300064,0.492685719,18331,10572,28903,2226094,1245079.126,349.29,66.36,56.61504429,6,0.666666667,195.7444757,24.2243689,54720,0.021934036,0.002139765,50
"213","scen.rest.50","5",1,0.58764836,0.40464399,1.5,4424,0.4424,0.400300064,0.492685719,18331,10572,28903,2226094,1245079.126,349.29,66.36,56.61504429,6,0.666666667,195.7444757,24.2243689,54720,0.021934036,0.002139765,50
"214","scen.rest.50","1",2,0.99565764,0.64872025,1.5,4424,0.4424,0.400300064,0.492685719,18331,10572,28903,2226094,1245079.126,349.29,66.36,56.61504429,6,0.666666667,195.7444757,24.2243689,54720,0.021934036,0.002139765,50
"215","scen.rest.50","2.5",2,0.91489657,0.59236632,1.5,4424,0.4424,0.400300064,0.492685719,18331,10572,28903,2226094,1245079.126,349.29,66.36,56.61504429,6,0.666666667,195.7444757,24.2243689,54720,0.021934036,0.002139765,50
"216","scen.rest.50","5",2,0.58776419,0.40557297,1.5,4424,0.4424,0.400300064,0.492685719,18331,10572,28903,2226094,1245079.126,349.29,66.36,56.61504429,6,0.666666667,195.7444757,24.2243689,54720,0.021934036,0.002139765,50
"217","scen.rest.50","1",3,0.99554443,0.64521394,1.5,4424,0.4424,0.400300064,0.492685719,18331,10572,28903,2226094,1245079.126,349.29,66.36,56.61504429,6,0.666666667,195.7444757,24.2243689,54720,0.021934036,0.002139765,50
"218","scen.rest.50","2.5",3,0.91354273,0.58844263,1.5,4424,0.4424,0.400300064,0.492685719,18331,10572,28903,2226094,1245079.126,349.29,66.36,56.61504429,6,0.666666667,195.7444757,24.2243689,54720,0.021934036,0.002139765,50
"219","scen.rest.50","5",3,0.58722842,0.40271794,1.5,4424,0.4424,0.400300064,0.492685719,18331,10572,28903,2226094,1245079.126,349.29,66.36,56.61504429,6,0.666666667,195.7444757,24.2243689,54720,0.021934036,0.002139765,50
"220","scen.rest.50","1",4,0.99551024,0.64756227,1.5,4424,0.4424,0.400300064,0.492685719,18331,10572,28903,2226094,1245079.126,349.29,66.36,56.61504429,6,0.666666667,195.7444757,24.2243689,54720,0.021934036,0.002139765,50
"221","scen.rest.50","2.5",4,0.9130835,0.59026205,1.5,4424,0.4424,0.400300064,0.492685719,18331,10572,28903,2226094,1245079.126,349.29,66.36,56.61504429,6,0.666666667,195.7444757,24.2243689,54720,0.021934036,0.002139765,50
"222","scen.rest.50","5",4,0.58482734,0.40205734,1.5,4424,0.4424,0.400300064,0.492685719,18331,10572,28903,2226094,1245079.126,349.29,66.36,56.61504429,6,0.666666667,195.7444757,24.2243689,54720,0.021934036,0.002139765,50
"223","scen.rest.50","1",5,0.99517105,0.64752738,1.5,4424,0.4424,0.400300064,0.492685719,18331,10572,28903,2226094,1245079.126,349.29,66.36,56.61504429,6,0.666666667,195.7444757,24.2243689,54720,0.021934036,0.002139765,50
"224","scen.rest.50","2.5",5,0.91454951,0.59157361,1.5,4424,0.4424,0.400300064,0.492685719,18331,10572,28903,2226094,1245079.126,349.29,66.36,56.61504429,6,0.666666667,195.7444757,24.2243689,54720,0.021934036,0.002139765,50
"225","scen.rest.50","5",5,0.58669305,0.40420641,1.5,4424,0.4424,0.400300064,0.492685719,18331,10572,28903,2226094,1245079.126,349.29,66.36,56.61504429,6,0.666666667,195.7444757,24.2243689,54720,0.021934036,0.002139765,50
"226","scen.rest.60","1",1,0.99610722,0.64481199,1.6,4721,0.4721,0.421208201,0.515857569,18925,11125,30050,2330791,1310111.055,367.83,70.815,59.43750823,6,0.666666667,162.1365797,27.24602554,54000,0.019423421,0.001715213,60
"227","scen.rest.60","2.5",1,0.92214158,0.59380094,1.6,4721,0.4721,0.421208201,0.515857569,18925,11125,30050,2330791,1310111.055,367.83,70.815,59.43750823,6,0.666666667,162.1365797,27.24602554,54000,0.019423421,0.001715213,60
"228","scen.rest.60","5",1,0.62024881,0.42115607,1.6,4721,0.4721,0.421208201,0.515857569,18925,11125,30050,2330791,1310111.055,367.83,70.815,59.43750823,6,0.666666667,162.1365797,27.24602554,54000,0.019423421,0.001715213,60
"229","scen.rest.60","1",2,0.99529127,0.64244976,1.6,4721,0.4721,0.421208201,0.515857569,18925,11125,30050,2330791,1310111.055,367.83,70.815,59.43750823,6,0.666666667,162.1365797,27.24602554,54000,0.019423421,0.001715213,60
"230","scen.rest.60","2.5",2,0.91968127,0.59073846,1.6,4721,0.4721,0.421208201,0.515857569,18925,11125,30050,2330791,1310111.055,367.83,70.815,59.43750823,6,0.666666667,162.1365797,27.24602554,54000,0.019423421,0.001715213,60
"231","scen.rest.60","5",2,0.61852141,0.41910426,1.6,4721,0.4721,0.421208201,0.515857569,18925,11125,30050,2330791,1310111.055,367.83,70.815,59.43750823,6,0.666666667,162.1365797,27.24602554,54000,0.019423421,0.001715213,60
"232","scen.rest.60","1",3,0.99565315,0.64439047,1.6,4721,0.4721,0.421208201,0.515857569,18925,11125,30050,2330791,1310111.055,367.83,70.815,59.43750823,6,0.666666667,162.1365797,27.24602554,54000,0.019423421,0.001715213,60
"233","scen.rest.60","2.5",3,0.92053705,0.59311559,1.6,4721,0.4721,0.421208201,0.515857569,18925,11125,30050,2330791,1310111.055,367.83,70.815,59.43750823,6,0.666666667,162.1365797,27.24602554,54000,0.019423421,0.001715213,60
"234","scen.rest.60","5",3,0.61986486,0.42135366,1.6,4721,0.4721,0.421208201,0.515857569,18925,11125,30050,2330791,1310111.055,367.83,70.815,59.43750823,6,0.666666667,162.1365797,27.24602554,54000,0.019423421,0.001715213,60
"235","scen.rest.60","1",4,0.99603279,0.6444693,1.6,4721,0.4721,0.421208201,0.515857569,18925,11125,30050,2330791,1310111.055,367.83,70.815,59.43750823,6,0.666666667,162.1365797,27.24602554,54000,0.019423421,0.001715213,60
"236","scen.rest.60","2.5",4,0.92093803,0.59292558,1.6,4721,0.4721,0.421208201,0.515857569,18925,11125,30050,2330791,1310111.055,367.83,70.815,59.43750823,6,0.666666667,162.1365797,27.24602554,54000,0.019423421,0.001715213,60
"237","scen.rest.60","5",4,0.61930247,0.42041259,1.6,4721,0.4721,0.421208201,0.515857569,18925,11125,30050,2330791,1310111.055,367.83,70.815,59.43750823,6,0.666666667,162.1365797,27.24602554,54000,0.019423421,0.001715213,60
"238","scen.rest.60","1",5,0.99551921,0.64517986,1.6,4721,0.4721,0.421208201,0.515857569,18925,11125,30050,2330791,1310111.055,367.83,70.815,59.43750823,6,0.666666667,162.1365797,27.24602554,54000,0.019423421,0.001715213,60
"239","scen.rest.60","2.5",5,0.92036894,0.59357274,1.6,4721,0.4721,0.421208201,0.515857569,18925,11125,30050,2330791,1310111.055,367.83,70.815,59.43750823,6,0.666666667,162.1365797,27.24602554,54000,0.019423421,0.001715213,60
"240","scen.rest.60","5",5,0.62315872,0.42333216,1.6,4721,0.4721,0.421208201,0.515857569,18925,11125,30050,2330791,1310111.055,367.83,70.815,59.43750823,6,0.666666667,162.1365797,27.24602554,54000,0.019423421,0.001715213,60
"241","scen.rest.70","1",1,0.99635602,0.64019043,1.7,5014,0.5014,0.442291401,0.538889322,19535,11627,31162,2434855,1375687.491,385.29,75.21,62.05949839,6,0.666666667,143.59556,24.82061704,53700,0.018441279,0.001906287,70
"242","scen.rest.70","2.5",1,0.92847358,0.59362498,1.7,5014,0.5014,0.442291401,0.538889322,19535,11627,31162,2434855,1375687.491,385.29,75.21,62.05949839,6,0.666666667,143.59556,24.82061704,53700,0.018441279,0.001906287,70
"243","scen.rest.70","5",1,0.66221605,0.4401152,1.7,5014,0.5014,0.442291401,0.538889322,19535,11627,31162,2434855,1375687.491,385.29,75.21,62.05949839,6,0.666666667,143.59556,24.82061704,53700,0.018441279,0.001906287,70
"244","scen.rest.70","1",2,0.99616611,0.63774865,1.7,5014,0.5014,0.442291401,0.538889322,19535,11627,31162,2434855,1375687.491,385.29,75.21,62.05949839,6,0.666666667,143.59556,24.82061704,53700,0.018441279,0.001906287,70
"245","scen.rest.70","2.5",2,0.9291281,0.59220529,1.7,5014,0.5014,0.442291401,0.538889322,19535,11627,31162,2434855,1375687.491,385.29,75.21,62.05949839,6,0.666666667,143.59556,24.82061704,53700,0.018441279,0.001906287,70
"246","scen.rest.70","5",2,0.66469028,0.44082133,1.7,5014,0.5014,0.442291401,0.538889322,19535,11627,31162,2434855,1375687.491,385.29,75.21,62.05949839,6,0.666666667,143.59556,24.82061704,53700,0.018441279,0.001906287,70
"247","scen.rest.70","1",3,0.99604735,0.6391718,1.7,5014,0.5014,0.442291401,0.538889322,19535,11627,31162,2434855,1375687.491,385.29,75.21,62.05949839,6,0.666666667,143.59556,24.82061704,53700,0.018441279,0.001906287,70
"248","scen.rest.70","2.5",3,0.92815077,0.59301656,1.7,5014,0.5014,0.442291401,0.538889322,19535,11627,31162,2434855,1375687.491,385.29,75.21,62.05949839,6,0.666666667,143.59556,24.82061704,53700,0.018441279,0.001906287,70
"249","scen.rest.70","5",3,0.66248282,0.44097569,1.7,5014,0.5014,0.442291401,0.538889322,19535,11627,31162,2434855,1375687.491,385.29,75.21,62.05949839,6,0.666666667,143.59556,24.82061704,53700,0.018441279,0.001906287,70
"250","scen.rest.70","1",4,0.99589453,0.63716348,1.7,5014,0.5014,0.442291401,0.538889322,19535,11627,31162,2434855,1375687.491,385.29,75.21,62.05949839,6,0.666666667,143.59556,24.82061704,53700,0.018441279,0.001906287,70
"251","scen.rest.70","2.5",4,0.92670324,0.59032252,1.7,5014,0.5014,0.442291401,0.538889322,19535,11627,31162,2434855,1375687.491,385.29,75.21,62.05949839,6,0.666666667,143.59556,24.82061704,53700,0.018441279,0.001906287,70
"252","scen.rest.70","5",4,0.66213711,0.4391069,1.7,5014,0.5014,0.442291401,0.538889322,19535,11627,31162,2434855,1375687.491,385.29,75.21,62.05949839,6,0.666666667,143.59556,24.82061704,53700,0.018441279,0.001906287,70
"253","scen.rest.70","1",5,0.99624624,0.64013525,1.7,5014,0.5014,0.442291401,0.538889322,19535,11627,31162,2434855,1375687.491,385.29,75.21,62.05949839,6,0.666666667,143.59556,24.82061704,53700,0.018441279,0.001906287,70
"254","scen.rest.70","2.5",5,0.92915947,0.59452729,1.7,5014,0.5014,0.442291401,0.538889322,19535,11627,31162,2434855,1375687.491,385.29,75.21,62.05949839,6,0.666666667,143.59556,24.82061704,53700,0.018441279,0.001906287,70
"255","scen.rest.70","5",5,0.66243127,0.441063,1.7,5014,0.5014,0.442291401,0.538889322,19535,11627,31162,2434855,1375687.491,385.29,75.21,62.05949839,6,0.666666667,143.59556,24.82061704,53700,0.018441279,0.001906287,70
"256","scen.rest.80","1",1,0.99656315,0.63431739,1.8,5309,0.5309,0.464369612,0.563458605,20063,12196,32259,2545866,1444358.777,401.4,79.635,64.40457441,6,0.666666667,109.7948447,18.68203459,54480,0.017117068,0.001729936,80
"257","scen.rest.80","2.5",1,0.93628412,0.59334311,1.8,5309,0.5309,0.464369612,0.563458605,20063,12196,32259,2545866,1444358.777,401.4,79.635,64.40457441,6,0.666666667,109.7948447,18.68203459,54480,0.017117068,0.001729936,80
"258","scen.rest.80","5",1,0.71470099,0.46550774,1.8,5309,0.5309,0.464369612,0.563458605,20063,12196,32259,2545866,1444358.777,401.4,79.635,64.40457441,6,0.666666667,109.7948447,18.68203459,54480,0.017117068,0.001729936,80
"259","scen.rest.80","1",2,0.99618712,0.63478387,1.8,5309,0.5309,0.464369612,0.563458605,20063,12196,32259,2545866,1444358.777,401.4,79.635,64.40457441,6,0.666666667,109.7948447,18.68203459,54480,0.017117068,0.001729936,80
"260","scen.rest.80","2.5",2,0.9368801,0.59478181,1.8,5309,0.5309,0.464369612,0.563458605,20063,12196,32259,2545866,1444358.777,401.4,79.635,64.40457441,6,0.666666667,109.7948447,18.68203459,54480,0.017117068,0.001729936,80
"261","scen.rest.80","5",2,0.70997741,0.46378504,1.8,5309,0.5309,0.464369612,0.563458605,20063,12196,32259,2545866,1444358.777,401.4,79.635,64.40457441,6,0.666666667,109.7948447,18.68203459,54480,0.017117068,0.001729936,80
"262","scen.rest.80","1",3,0.99628702,0.63648206,1.8,5309,0.5309,0.464369612,0.563458605,20063,12196,32259,2545866,1444358.777,401.4,79.635,64.40457441,6,0.666666667,109.7948447,18.68203459,54480,0.017117068,0.001729936,80
"263","scen.rest.80","2.5",3,0.93750945,0.59668067,1.8,5309,0.5309,0.464369612,0.563458605,20063,12196,32259,2545866,1444358.777,401.4,79.635,64.40457441,6,0.666666667,109.7948447,18.68203459,54480,0.017117068,0.001729936,80
"264","scen.rest.80","5",3,0.71553666,0.46827457,1.8,5309,0.5309,0.464369612,0.563458605,20063,12196,32259,2545866,1444358.777,401.4,79.635,64.40457441,6,0.666666667,109.7948447,18.68203459,54480,0.017117068,0.001729936,80
"265","scen.rest.80","1",4,0.99627228,0.63484596,1.8,5309,0.5309,0.464369612,0.563458605,20063,12196,32259,2545866,1444358.777,401.4,79.635,64.40457441,6,0.666666667,109.7948447,18.68203459,54480,0.017117068,0.001729936,80
"266","scen.rest.80","2.5",4,0.93678734,0.59475406,1.8,5309,0.5309,0.464369612,0.563458605,20063,12196,32259,2545866,1444358.777,401.4,79.635,64.40457441,6,0.666666667,109.7948447,18.68203459,54480,0.017117068,0.001729936,80
"267","scen.rest.80","5",4,0.71059482,0.46408499,1.8,5309,0.5309,0.464369612,0.563458605,20063,12196,32259,2545866,1444358.777,401.4,79.635,64.40457441,6,0.666666667,109.7948447,18.68203459,54480,0.017117068,0.001729936,80
"268","scen.rest.80","1",5,0.99652538,0.63512879,1.8,5309,0.5309,0.464369612,0.563458605,20063,12196,32259,2545866,1444358.777,401.4,79.635,64.40457441,6,0.666666667,109.7948447,18.68203459,54480,0.017117068,0.001729936,80
"269","scen.rest.80","2.5",5,0.93542052,0.5939656,1.8,5309,0.5309,0.464369612,0.563458605,20063,12196,32259,2545866,1444358.777,401.4,79.635,64.40457441,6,0.666666667,109.7948447,18.68203459,54480,0.017117068,0.001729936,80
"270","scen.rest.80","5",5,0.71181546,0.4641158,1.8,5309,0.5309,0.464369612,0.563458605,20063,12196,32259,2545866,1444358.777,401.4,79.635,64.40457441,6,0.666666667,109.7948447,18.68203459,54480,0.017117068,0.001729936,80
"271","scen.rest.90","1",1,0.99669757,0.63241693,1.9,5604,0.5604,0.488972102,0.590148162,20567,12718,33285,2666457,1520881.489,451.35,126.09,108.4583337,4,0.444444444,90.92329219,17.86947991,54540,0.014357143,0.001813121,90
"272","scen.rest.90","2.5",1,0.94291635,0.59643927,1.9,5604,0.5604,0.488972102,0.590148162,20567,12718,33285,2666457,1520881.489,451.35,126.09,108.4583337,4,0.444444444,90.92329219,17.86947991,54540,0.014357143,0.001813121,90
"273","scen.rest.90","5",1,0.75370453,0.48587753,1.9,5604,0.5604,0.488972102,0.590148162,20567,12718,33285,2666457,1520881.489,451.35,126.09,108.4583337,4,0.444444444,90.92329219,17.86947991,54540,0.014357143,0.001813121,90
"274","scen.rest.90","1",2,0.99656228,0.63085639,1.9,5604,0.5604,0.488972102,0.590148162,20567,12718,33285,2666457,1520881.489,451.35,126.09,108.4583337,4,0.444444444,90.92329219,17.86947991,54540,0.014357143,0.001813121,90
"275","scen.rest.90","2.5",2,0.942961,0.59505037,1.9,5604,0.5604,0.488972102,0.590148162,20567,12718,33285,2666457,1520881.489,451.35,126.09,108.4583337,4,0.444444444,90.92329219,17.86947991,54540,0.014357143,0.001813121,90
"276","scen.rest.90","5",2,0.75169103,0.48371139,1.9,5604,0.5604,0.488972102,0.590148162,20567,12718,33285,2666457,1520881.489,451.35,126.09,108.4583337,4,0.444444444,90.92329219,17.86947991,54540,0.014357143,0.001813121,90
"277","scen.rest.90","1",3,0.99670556,0.63237018,1.9,5604,0.5604,0.488972102,0.590148162,20567,12718,33285,2666457,1520881.489,451.35,126.09,108.4583337,4,0.444444444,90.92329219,17.86947991,54540,0.014357143,0.001813121,90
"278","scen.rest.90","2.5",3,0.94491368,0.59742067,1.9,5604,0.5604,0.488972102,0.590148162,20567,12718,33285,2666457,1520881.489,451.35,126.09,108.4583337,4,0.444444444,90.92329219,17.86947991,54540,0.014357143,0.001813121,90
"279","scen.rest.90","5",3,0.75005654,0.48368814,1.9,5604,0.5604,0.488972102,0.590148162,20567,12718,33285,2666457,1520881.489,451.35,126.09,108.4583337,4,0.444444444,90.92329219,17.86947991,54540,0.014357143,0.001813121,90
"280","scen.rest.90","1",4,0.99711123,0.63253095,1.9,5604,0.5604,0.488972102,0.590148162,20567,12718,33285,2666457,1520881.489,451.35,126.09,108.4583337,4,0.444444444,90.92329219,17.86947991,54540,0.014357143,0.001813121,90
"281","scen.rest.90","2.5",4,0.94270814,0.59603775,1.9,5604,0.5604,0.488972102,0.590148162,20567,12718,33285,2666457,1520881.489,451.35,126.09,108.4583337,4,0.444444444,90.92329219,17.86947991,54540,0.014357143,0.001813121,90
"282","scen.rest.90","5",4,0.7518167,0.48445785,1.9,5604,0.5604,0.488972102,0.590148162,20567,12718,33285,2666457,1520881.489,451.35,126.09,108.4583337,4,0.444444444,90.92329219,17.86947991,54540,0.014357143,0.001813121,90
"283","scen.rest.90","1",5,0.99679875,0.63075893,1.9,5604,0.5604,0.488972102,0.590148162,20567,12718,33285,2666457,1520881.489,451.35,126.09,108.4583337,4,0.444444444,90.92329219,17.86947991,54540,0.014357143,0.001813121,90
"284","scen.rest.90","2.5",5,0.94246284,0.59461041,1.9,5604,0.5604,0.488972102,0.590148162,20567,12718,33285,2666457,1520881.489,451.35,126.09,108.4583337,4,0.444444444,90.92329219,17.86947991,54540,0.014357143,0.001813121,90
"285","scen.rest.90","5",5,0.75200272,0.48394335,1.9,5604,0.5604,0.488972102,0.590148162,20567,12718,33285,2666457,1520881.489,451.35,126.09,108.4583337,4,0.444444444,90.92329219,17.86947991,54540,0.014357143,0.001813121,90
"286","scen.rest.100","1",1,0.99777812,0.62840585,2,5899,0.5899,0.512670885,0.613322226,21207,13300,34507,2771164,1594593.342,495.72,176.97,159.4271893,3,0.333333333,101.2310563,11.23105626,53880,0.013778784,0.002269401,100
"287","scen.rest.100","2.5",1,0.94997243,0.59644791,2,5899,0.5899,0.512670885,0.613322226,21207,13300,34507,2771164,1594593.342,495.72,176.97,159.4271893,3,0.333333333,101.2310563,11.23105626,53880,0.013778784,0.002269401,100
"288","scen.rest.100","5",1,0.78246993,0.49837282,2,5899,0.5899,0.512670885,0.613322226,21207,13300,34507,2771164,1594593.342,495.72,176.97,159.4271893,3,0.333333333,101.2310563,11.23105626,53880,0.013778784,0.002269401,100
"289","scen.rest.100","1",2,0.99701339,0.62747906,2,5899,0.5899,0.512670885,0.613322226,21207,13300,34507,2771164,1594593.342,495.72,176.97,159.4271893,3,0.333333333,101.2310563,11.23105626,53880,0.013778784,0.002269401,100
"290","scen.rest.100","2.5",2,0.95096773,0.59663019,2,5899,0.5899,0.512670885,0.613322226,21207,13300,34507,2771164,1594593.342,495.72,176.97,159.4271893,3,0.333333333,101.2310563,11.23105626,53880,0.013778784,0.002269401,100
"291","scen.rest.100","5",2,0.78199391,0.49741353,2,5899,0.5899,0.512670885,0.613322226,21207,13300,34507,2771164,1594593.342,495.72,176.97,159.4271893,3,0.333333333,101.2310563,11.23105626,53880,0.013778784,0.002269401,100
"292","scen.rest.100","1",3,0.99727417,0.62785257,2,5899,0.5899,0.512670885,0.613322226,21207,13300,34507,2771164,1594593.342,495.72,176.97,159.4271893,3,0.333333333,101.2310563,11.23105626,53880,0.013778784,0.002269401,100
"293","scen.rest.100","2.5",3,0.95071512,0.59693696,2,5899,0.5899,0.512670885,0.613322226,21207,13300,34507,2771164,1594593.342,495.72,176.97,159.4271893,3,0.333333333,101.2310563,11.23105626,53880,0.013778784,0.002269401,100
"294","scen.rest.100","5",3,0.78465953,0.49977651,2,5899,0.5899,0.512670885,0.613322226,21207,13300,34507,2771164,1594593.342,495.72,176.97,159.4271893,3,0.333333333,101.2310563,11.23105626,53880,0.013778784,0.002269401,100
"295","scen.rest.100","1",4,0.99751426,0.62836979,2,5899,0.5899,0.512670885,0.613322226,21207,13300,34507,2771164,1594593.342,495.72,176.97,159.4271893,3,0.333333333,101.2310563,11.23105626,53880,0.013778784,0.002269401,100
"296","scen.rest.100","2.5",4,0.94941708,0.59651764,2,5899,0.5899,0.512670885,0.613322226,21207,13300,34507,2771164,1594593.342,495.72,176.97,159.4271893,3,0.333333333,101.2310563,11.23105626,53880,0.013778784,0.002269401,100
"297","scen.rest.100","5",4,0.78437421,0.50025541,2,5899,0.5899,0.512670885,0.613322226,21207,13300,34507,2771164,1594593.342,495.72,176.97,159.4271893,3,0.333333333,101.2310563,11.23105626,53880,0.013778784,0.002269401,100
"298","scen.rest.100","1",5,0.99746175,0.62856843,2,5899,0.5899,0.512670885,0.613322226,21207,13300,34507,2771164,1594593.342,495.72,176.97,159.4271893,3,0.333333333,101.2310563,11.23105626,53880,0.013778784,0.002269401,100
"299","scen.rest.100","2.5",5,0.94795818,0.59576377,2,5899,0.5899,0.512670885,0.613322226,21207,13300,34507,2771164,1594593.342,495.72,176.97,159.4271893,3,0.333333333,101.2310563,11.23105626,53880,0.013778784,0.002269401,100
"300","scen.rest.100","5",5,0.78187407,0.49879875,2,5899,0.5899,0.512670885,0.613322226,21207,13300,34507,2771164,1594593.342,495.72,176.97,159.4271893,3,0.333333333,101.2310563,11.23105626,53880,0.013778784,0.002269401,100
"301","starting_landscape","1",1,0.99414742,0.66122161,1,2950,0.295,0.305231516,0.391989083,15882,7587,23469,1771118,949381.2851,125.19,11.0625,6.086124878,24,2.666666667,113.0338002,18.77887344,50760,0.059910522,0.006068632,0
"302","starting_landscape","2.5",1,0.88609009,0.58216706,1,2950,0.295,0.305231516,0.391989083,15882,7587,23469,1771118,949381.2851,125.19,11.0625,6.086124878,24,2.666666667,113.0338002,18.77887344,50760,0.059910522,0.006068632,0
"303","starting_landscape","5",1,0.42595489,0.31529436,1,2950,0.295,0.305231516,0.391989083,15882,7587,23469,1771118,949381.2851,125.19,11.0625,6.086124878,24,2.666666667,113.0338002,18.77887344,50760,0.059910522,0.006068632,0
"304","starting_landscape","1",2,0.99443822,0.66093092,1,2950,0.295,0.305231516,0.391989083,15882,7587,23469,1771118,949381.2851,125.19,11.0625,6.086124878,24,2.666666667,113.0338002,18.77887344,50760,0.059910522,0.006068632,0
"305","starting_landscape","2.5",2,0.88640999,0.58168284,1,2950,0.295,0.305231516,0.391989083,15882,7587,23469,1771118,949381.2851,125.19,11.0625,6.086124878,24,2.666666667,113.0338002,18.77887344,50760,0.059910522,0.006068632,0
"306","starting_landscape","5",2,0.42285559,0.31322523,1,2950,0.295,0.305231516,0.391989083,15882,7587,23469,1771118,949381.2851,125.19,11.0625,6.086124878,24,2.666666667,113.0338002,18.77887344,50760,0.059910522,0.006068632,0
"307","starting_landscape","1",3,0.99430179,0.66159466,1,2950,0.295,0.305231516,0.391989083,15882,7587,23469,1771118,949381.2851,125.19,11.0625,6.086124878,24,2.666666667,113.0338002,18.77887344,50760,0.059910522,0.006068632,0
"308","starting_landscape","2.5",3,0.88519282,0.58192863,1,2950,0.295,0.305231516,0.391989083,15882,7587,23469,1771118,949381.2851,125.19,11.0625,6.086124878,24,2.666666667,113.0338002,18.77887344,50760,0.059910522,0.006068632,0
"309","starting_landscape","5",3,0.42546283,0.31545396,1,2950,0.295,0.305231516,0.391989083,15882,7587,23469,1771118,949381.2851,125.19,11.0625,6.086124878,24,2.666666667,113.0338002,18.77887344,50760,0.059910522,0.006068632,0
"310","starting_landscape","1",4,0.99432704,0.66126104,1,2950,0.295,0.305231516,0.391989083,15882,7587,23469,1771118,949381.2851,125.19,11.0625,6.086124878,24,2.666666667,113.0338002,18.77887344,50760,0.059910522,0.006068632,0
"311","starting_landscape","2.5",4,0.88594477,0.58188209,1,2950,0.295,0.305231516,0.391989083,15882,7587,23469,1771118,949381.2851,125.19,11.0625,6.086124878,24,2.666666667,113.0338002,18.77887344,50760,0.059910522,0.006068632,0
"312","starting_landscape","5",4,0.42634352,0.31548108,1,2950,0.295,0.305231516,0.391989083,15882,7587,23469,1771118,949381.2851,125.19,11.0625,6.086124878,24,2.666666667,113.0338002,18.77887344,50760,0.059910522,0.006068632,0
"313","starting_landscape","1",5,0.99453557,0.66048066,1,2950,0.295,0.305231516,0.391989083,15882,7587,23469,1771118,949381.2851,125.19,11.0625,6.086124878,24,2.666666667,113.0338002,18.77887344,50760,0.059910522,0.006068632,0
"314","starting_landscape","2.5",5,0.88670918,0.58209767,1,2950,0.295,0.305231516,0.391989083,15882,7587,23469,1771118,949381.2851,125.19,11.0625,6.086124878,24,2.666666667,113.0338002,18.77887344,50760,0.059910522,0.006068632,0
"315","starting_landscape","5",5,0.42735068,0.31497518,1,2950,0.295,0.305231516,0.391989083,15882,7587,23469,1771118,949381.2851,125.19,11.0625,6.086124878,24,2.666666667,113.0338002,18.77887344,50760,0.059910522,0.006068632,0
